{"cameraMode":{"drawMode":0,"name":"Shaded","section":"Shading Mode"},"sceneLighting":true,"audioPlay":false,"sceneViewState":{"m_AlwaysRefresh":false,"showFog":true,"showSkybox":true,"showFlares":true,"showImageEffects":true,"showParticleSystems":true,"showVisualEffectGraphs":true,"m_FxEnabled":true},"in2DMode":false,"pivot":{"x":0.5446200370788574,"y":6.7978363037109379,"z":-15.88827133178711},"rotation":{"x":0.00010493846639292315,"y":-0.9997983574867249,"z":0.01949857734143734,"w":0.005396660417318344},"size":49.50175476074219,"orthographic":false}