{"cameraMode":{"drawMode":0,"name":"Shaded","section":"Shading Mode"},"sceneLighting":true,"audioPlay":false,"sceneViewState":{"m_AlwaysRefresh":false,"showFog":true,"showSkybox":true,"showFlares":true,"showImageEffects":true,"showParticleSystems":true,"showVisualEffectGraphs":true,"m_FxEnabled":true},"in2DMode":false,"pivot":{"x":2.2757370471954347,"y":1.3207478523254395,"z":3.442363739013672},"rotation":{"x":-0.02461603283882141,"y":0.9295777678489685,"z":-0.06312843412160874,"w":-0.3623671531677246},"size":48.40596008300781,"orthographic":true}